02N,Airedale Wharfdale Craven,393242.7911,460443.7689,4.048,0.969,2.27,4.398,6.712,14.862,1.998,0.925,0.385,0.732,2.37,0.836,3.074,6.679,Q52,West Yorkshire Area Team,0,156255
09C,Ashford,596841.8361,139982.5556,3.114,0.587,1.793,4.744,6.08,14.067,1.612,0.63,0.439,0.88,2.238,0.821,3.238,5.741,Q67,Kent and Medway Area Team,11,123906
10Y,Aylesbury Vale,476341.8684,218954.561,3.153,0.59,1.509,3.102,5.757,13.305,1.494,0.683,0.193,0.708,2.182,0.692,2.822,6.369,Q69,Thames Valley Area Team,10,201066
07L,Barking Dagenham,548042.8065,185073.0351,2.146,0.424,0.949,2.824,7.247,12.177,1.663,0.763,0.338,0.652,1.171,0.719,2.34,4.81,Q61,North East London Area Team,1,205188
07M,Barnet,524039.4074,192317.9881,2.649,0.515,1.278,2.948,5.997,11.837,1.095,0.98,0.448,0.508,1.908,0.587,3.031,4.541,Q61,North East London Area Team,2,371541
02P,Barnsley,431081.8702,404466.1563,4.716,0.746,2.069,6.027,6.915,15.646,3.129,0.726,0.203,0.803,2.246,0.881,3.41,5.866,Q51,South Yorkshire and Bassetlaw Area Team,1,249339
99E,Basildon  Brentwood,564588.246,193749.556,3.188,0.789,1.773,5.093,5.916,15.07,1.877,0.794,0.326,0.873,2.119,0.786,4.437,6.165,Q57,Essex Area Team,7,263956
02Q,Bassetlaw,469431.6209,382264.2174,3.842,0.901,1.954,6.861,7.31,14.744,2.475,0.705,0.574,0.791,2.345,0.879,3.028,6.04,Q51,South Yorkshire and Bassetlaw Area Team,2,112041
11E,Bath North East Somerset,367010.0874,161986.7691,2.907,0.777,1.777,3.286,4.606,12.807,1.386,0.807,0.602,0.655,2.322,0.709,3.155,6.142,Q64,Bath Gloucestershire Swindon and Wiltshire Area Team,2,198017
06F,Bedfordshire,506142.2233,243453.2321,3.035,0.632,1.497,3.614,6.209,13.705,1.498,0.775,0.37,0.76,2.24,0.718,3.58,6.493,Q58,Hertfordshire and the South Midlands Area Team,11,444594
07N,Bexley,548796.5136,175463.5926,2.882,0.653,1.542,3.665,6.859,14.115,1.805,0.734,0.383,0.781,2.001,0.72,3.529,5.218,Q63,South London Area Team,11,226250
13P,Birmingham Crosscity,409642.6761,288854.1454,3.091,0.633,1.547,4.226,7.683,12.827,1.628,1.021,0.416,0.723,1.756,0.833,2.924,6.214,Q54,Birmingham and the Black Country Area Team,12,735475
04X,Birmingham South Central,405763.684,280794.8715,2.671,0.619,1.353,4.195,7.94,11.48,1.401,1.148,0.429,0.717,1.52,0.754,2.61,6.069,Q54,Birmingham and the Black Country Area Team,3,245582
00Q,Blackburn with Darwen,369214.8289,421917.8553,3.789,0.806,1.687,3.657,7.573,12.345,2.173,1.135,0.4,0.711,1.695,0.871,2.694,7.213,Q47,Lancashire Area Team,8,168236
00R,Blackpool,332340.4483,436221.5758,4.732,1.265,2.229,8.5,7.213,17.479,3.359,1.34,0.474,0.822,2.485,1.133,3.43,6.973,Q47,Lancashire Area Team,9,172550
00T,Bolton,369143.4091,409225.3578,3.44,0.764,1.741,5.704,7.669,14.153,2.234,0.882,0.423,0.724,1.932,0.893,3.438,6.552,Q46,Greater Manchester Area Team,10,295196
10G,Bracknell  Ascot,488636.9528,168411.2363,2.426,0.519,1.293,2.849,5.113,11.331,1.01,0.621,0.221,0.568,1.959,0.674,3.141,5.606,Q69,Thames Valley Area Team,11,137005
02W,Bradford City,416397.3584,433373.2976,2.344,0.476,0.869,2.749,9.165,8.772,1.141,0.912,0.289,0.535,0.684,0.623,1.662,6.193,Q52,West Yorkshire Area Team,6,120184
02R,Bradford Districts,413034.6753,435118.9102,3.497,0.811,1.808,4.358,7.625,13.142,2.386,0.916,0.453,0.706,1.856,0.888,2.903,6.535,Q52,West Yorkshire Area Team,3,332760
07P,Brent,520172.1591,185822.6778,2.22,0.53,1.058,2.245,8.193,12.163,0.76,1.154,0.297,0.537,1.284,0.536,2.129,4.672,Q62,North West London Area Team,4,348013
09D,Brighton  Hove,531470.3516,106676.5609,2.268,0.53,1.277,3.768,4.141,9.964,1.259,1.164,0.406,0.509,1.75,0.69,3.356,5.635,Q68,Surrey and Sussex Area Team,4,300871
11H,Bristol,358373.6257,174383.7315,2.368,0.585,1.541,4.329,4.773,10.789,1.654,0.903,0.601,0.565,1.759,0.747,2.604,5.84,Q65,Bristol North Somerset Somerset and South Gloucestershire Area Team,3,478502
07Q,Bromley,542896.9062,165637.1726,2.998,0.705,1.525,3.897,5.242,13.779,1.327,0.794,0.361,0.657,2.188,0.616,3.122,5.186,Q63,South London Area Team,5,332439
00V,Bury,379391.9629,410188.6985,3.596,0.866,1.866,4.537,6.511,13.495,2.056,1.016,0.263,0.681,1.939,0.949,3.108,6.411,Q46,Greater Manchester Area Team,11,195984
02T,Calderdale,401849.4742,424963.4177,3.812,0.654,1.821,4.503,5.872,13.55,2.015,0.924,0.389,0.699,2.178,1.012,4.327,6.428,Q52,West Yorkshire Area Team,4,212212
06H,Cambridgeshire  Peterborough,534005.0241,276606.8213,2.914,0.615,1.452,3.595,5.577,12.814,1.618,0.761,0.445,0.744,2.181,0.704,3.378,6.158,Q56,East Anglia Area Team,12,876277
07R,Camden,527859.5575,184651.8216,1.59,0.567,0.907,2.2,3.823,8.266,1.108,1.388,0.399,0.406,1.487,0.468,2.531,3.916,Q61,North East London Area Team,11,241944
04Y,Cannock Chase,400115.2444,311054.5538,4.094,0.869,1.934,4.024,6.98,15.806,2.204,0.577,0.306,1.045,2.395,0.987,4.047,5.751,Q60,Shropshire and Staffordshire Area Team,4,132488
09E,Canterbury  Coastal,615303.8417,158048.4923,3.283,0.618,1.872,4.579,5.754,13.823,1.719,0.802,0.559,0.71,2.428,0.802,3.152,5.644,Q67,Kent and Medway Area Team,4,208376
99F,Castle Point  Rochford,587941.2325,190828.2513,3.718,0.839,1.721,4.047,6.691,17.193,2.071,0.593,0.283,0.911,2.288,0.725,4.606,5.963,Q57,Essex Area Team,4,180658
09A,Central London (Westminster),528090.6982,180915.3803,1.883,0.479,1.012,1.6,3.948,8.138,0.904,1.281,0.421,0.386,1.488,0.427,2.168,3.544,Q62,North West London Area Team,6,191438
00W,Central Manchester,385565.3518,395313.2314,1.947,0.448,0.932,2.146,5.587,8.699,1.385,1.141,0.333,0.383,1.09,0.623,1.61,5.365,Q46,Greater Manchester Area Team,8,208789
10H,Chiltern,490519.1944,192741.9465,2.858,0.538,1.634,3.462,5.601,13.141,1.241,0.675,0.364,0.587,2.312,0.645,2.726,5.941,Q69,Thames Valley Area Team,12,328513
00X,Chorley  South Ribble,356829.8564,419232.1007,4.094,0.939,1.942,5.035,6.646,14.674,2.195,0.762,0.278,0.853,2.372,0.863,4.03,6.478,Q47,Lancashire Area Team,0,174760
07T,City  Hackney,534121.0229,184914.4321,1.577,0.612,0.865,1.8,5.692,9.583,1.032,1.348,0.254,0.414,1.149,0.512,1.377,4.531,Q61,North East London Area Team,7,280396
09G,Coastal West Sussex,497464.9693,113599.196,4.252,0.841,2.222,4.656,6.519,15.993,1.875,0.865,0.562,0.766,2.947,0.769,4.011,6.333,Q68,Surrey and Sussex Area Team,11,490990
03V,Corby,488639.2792,289820.9412,3.391,0.784,1.831,4.187,6.03,11.905,2.723,0.788,0.568,0.801,1.977,0.839,3.357,5.696,Q58,Hertfordshire and the South Midlands Area Team,11,70729
05A,Coventry Rugby,442968.3986,277246.1493,2.671,0.664,1.522,3.856,6.172,13.633,1.632,0.864,0.394,0.71,1.801,0.766,2.709,5.921,Q53,Arden Herefordshire and Worcestershire Area Team,5,470967
09H,Crawley,527329.4806,137826.734,2.854,0.605,1.385,4.558,6.177,11.87,1.502,0.674,0.73,0.749,1.723,0.73,4.612,5.707,Q68,Surrey and Sussex Area Team,12,127077
07V,Croydon,533290.9513,163555.7646,2.284,0.435,1.186,3.39,6.484,12.108,1.055,1.054,0.252,0.611,1.618,0.658,3.689,4.783,Q63,South London Area Team,8,382473
01H,Cumbria,342543.1299,521060.2819,4.752,1.086,2.355,5.06,6.607,15.669,2.225,0.909,0.42,0.922,2.645,0.886,4.161,6.686,Q49,Cumbria Northumberland Tyne and Wear Area Team,8,521751
00C,Darlington,429010.8165,517172.6482,4.016,0.973,2.082,4.612,6.786,15.035,2.545,1.001,0.524,0.796,2.137,0.978,3.36,6.035,Q45,Durham Darlington and Tees Area Team,0,105854
09J,Dartford Gravesham Swanley,560199.8065,169038.6059,2.949,0.529,1.558,7.819,6.264,14.784,1.652,0.73,0.381,0.812,1.963,0.789,3.553,5.147,Q67,Kent and Medway Area Team,0,243373
02X,Doncaster,460022.7517,405677.426,3.926,0.888,2.019,6.495,7.435,15.222,2.616,0.746,0.287,0.88,2.026,0.969,3.123,6.654,Q51,South Yorkshire and Bassetlaw Area Team,7,306524
11J,Dorset,378379.6606,100568.4011,4.147,0.861,2.286,5.515,5.926,15.354,1.815,0.901,0.479,0.835,2.964,0.737,3.292,6.477,Q70,Wessex Area Team,4,767540
05C,Dudley,392704.1276,287237.7155,4.101,0.839,2.033,6.054,6.827,17.716,1.894,0.743,0.582,0.974,2.387,0.888,4.113,6.33,Q54,Birmingham and the Black Country Area Team,6,308611
00D,Durham Dales Easington Sedgefield,407512.5624,529468.6128,5.251,1.009,2.307,4.817,7.219,16.943,3.176,0.931,0.451,0.887,2.338,1.028,3.951,6.464,Q45,Durham Darlington and Tees Area Team,1,287699
07W,Ealing,515877.8021,181711.5104,2.399,0.454,0.901,2.371,6.919,11.172,0.806,1.003,0.288,0.528,1.312,0.521,2.929,4.777,Q62,North West London Area Team,9,401422
06K,East  North Hertfordshire,530283.6244,220779.9312,2.938,0.604,1.559,3.494,5.421,13.243,1.503,0.722,0.461,0.694,2.183,0.727,2.911,5.805,Q58,Hertfordshire and the South Midlands Area Team,0,573132
01A,East Lancashire,379119.0307,437983.9343,4.13,0.876,1.964,3.561,6.613,13.775,2.42,0.991,0.405,0.681,2.171,0.914,2.967,7.008,Q47,Lancashire Area Team,2,363685
03W,East Leicestershire & Rutland,475543.5975,306740.3769,3.341,0.803,1.785,4.319,6.378,14.86,1.629,0.664,0.306,0.738,2.445,0.678,3.222,5.865,Q59,Leicestershire and Lincolnshire Area Team,1,320156
02Y,East Riding of Yorkshire,501668.2423,442153.6199,4.803,0.842,2.107,5.081,6.812,16.651,2.178,0.616,0.414,0.92,3.091,0.878,3.948,6.415,Q50,North Yorkshire and Humber Area Team,8,300564
05D,East Staffordshire,412454.5406,327259.7303,3.312,0.761,1.712,4.152,6.513,13.89,1.7,0.574,0.507,0.789,2.41,0.861,3.583,5.917,Q60,Shropshire and Staffordshire Area Team,7,135484
09L,East Surrey,534496.5725,149205.2944,2.852,0.578,1.594,3.938,5.013,12.259,1.34,0.773,0.383,0.738,2.194,0.811,4.628,5.728,Q68,Surrey and Sussex Area Team,1,172876
09F,Eastbourne Hailsham Seaford,558445.065,106006.2555,4.344,0.994,2.578,6.452,6.165,17.665,2.181,1.05,0.67,0.885,2.69,0.806,4.904,6.759,Q68,Surrey and Sussex Area Team,10,182980
01C,Eastern Cheshire,385025.323,374540.9228,3.574,0.782,2.09,4.465,5.874,14.777,1.568,0.784,0.412,0.688,2.418,0.746,3.251,5.931,Q44,Cheshire Warrington and Wirral Area Team,11,203206
07X,Enfield,532424.3485,196427.1029,2.455,0.525,1.193,2.837,7.042,13.342,1.028,0.998,0.438,0.562,1.618,0.623,2.277,4.879,Q61,North East London Area Team,10,299757
03X,Erewash,446582.5915,336226.4353,3.625,0.703,1.975,7.053,6.539,15.781,2.14,0.734,0.316,0.76,2.214,0.991,3.502,6.481,Q55,Derbyshire and Nottinghamshire Area Team,0,96754
10K,Fareham Gosport,455929.4806,104891.3611,3.622,0.69,1.901,3.917,6.194,15.509,1.602,0.736,0.363,0.694,2.47,0.793,3.223,6.286,Q70,Wessex Area Team,1,200868
02M,Fylde Wyre,339160.9179,437511.8323,5.202,1.403,2.482,8.433,6.772,17.146,2.516,0.897,0.543,0.912,2.956,0.911,3.847,6.735,Q47,Lancashire Area Team,12,150658
11M,Gloucestershire,391844.4213,214338.0982,3.186,0.692,1.867,6.011,6.12,13.917,1.684,0.736,0.447,0.802,2.376,0.855,3.704,6.493,Q64,Bath Gloucestershire Swindon and Wiltshire Area Team,5,620737
06M,Great Yarmouth  Waveney,644996.8133,294180.1773,4.134,0.975,2.124,5.924,7.359,16.874,2.542,0.95,0.364,0.912,2.581,0.921,4.919,6.594,Q56,East Anglia Area Team,2,231971
03A,Greater Huddersfield,413931.2317,412001.9786,3.565,0.714,1.761,3.893,5.721,12.914,1.666,0.895,0.312,0.686,1.947,0.794,3.854,6.35,Q52,West Yorkshire Area Team,9,240687
01E,Greater Preston,357878.2055,438598.7764,3.503,0.917,1.826,4.463,6.18,13.103,2.006,0.916,0.304,0.737,1.964,0.881,3.269,6.289,Q47,Lancashire Area Team,5,208001
08A,Greenwich,542906.2168,176870.3016,2.162,0.512,1.052,3.326,6.131,12.434,1.424,1.124,0.266,0.56,1.45,0.653,2.465,5.063,Q63,South London Area Team,7,261655
09N,Guildford  Waverley,498710.7857,142855.0183,2.55,0.504,1.408,3.928,4.272,12.376,1.183,0.721,0.397,0.576,2.475,0.609,3.345,5.721,Q68,Surrey and Sussex Area Team,2,216453
01F,Halton,352724.8934,383360.3092,4.312,0.857,1.853,4.481,7.339,14.985,2.546,0.798,0.31,0.959,2.091,0.934,2.898,6.638,Q48,Merseyside Area Team,6,128661
03D,Hambleton Richmondshire Whitby,430847.5382,496815.1694,4.219,0.917,2.365,3.67,5.716,15.814,1.904,0.664,0.487,0.879,2.854,0.846,4.321,5.909,Q50,North Yorkshire and Humber Area Team,11,142214
08C,Hammersmith  Fulham,523559.2912,178975.5621,1.737,0.407,0.95,1.909,4.411,9.143,1.12,1.278,0.27,0.45,1.363,0.53,1.889,4.412,Q62,North West London Area Team,0,203826
03Y,Hardwick,445382.8201,366015.5435,4.731,0.993,2.245,5.538,8.062,17.77,2.932,0.87,0.492,0.939,2.29,1.007,3.589,6.431,Q55,Derbyshire and Nottinghamshire Area Team,3,102249
08D,Haringey,531193.8201,189631.5442,1.647,0.469,0.856,1.86,5.954,10.554,0.795,1.255,0.234,0.469,1.323,0.559,1.849,4.555,Q61,North East London Area Team,1,286477
03E,Harrogate  Rural District,426568.649,463541.7949,4.04,0.865,2.131,4.17,5.38,14.808,1.696,0.756,0.542,0.831,2.761,0.777,3.796,6.032,Q50,North Yorkshire and Humber Area Team,12,159719
08E,Harrow,514991.4641,190086.9522,2.823,0.556,1.257,2.929,8.348,13.025,0.832,0.942,0.274,0.652,1.602,0.589,3.502,5.374,Q62,North West London Area Team,2,246437
00K,Hartlepool Stockton-On-Tees,444716.2474,522471.6058,4.169,0.859,2.016,4.324,6.025,15.101,2.637,0.775,0.347,0.793,1.978,0.958,3.752,6.277,Q45,Durham Darlington and Tees Area Team,3,290483
09P,Hastings Rother,578466.0786,119534.006,4.068,0.974,2.448,4.539,6.477,17.341,2.347,1.153,0.299,0.751,2.635,0.911,4.443,6.003,Q68,Surrey and Sussex Area Team,3,183264
08F,Havering,554054.2013,187412.5309,3.003,0.512,1.544,3.772,6.037,13.94,1.709,0.635,0.308,0.762,1.995,0.675,3.607,4.878,Q61,North East London Area Team,3,246798
05F,Herefordshire,349066.317,245269.7931,3.51,0.942,2.23,5.287,6.277,15.974,1.946,0.779,0.484,1.014,2.785,0.881,3.647,6.327,Q53,Arden Herefordshire and Worcestershire Area Team,8,182378
06N,Herts Valleys,508934.9952,205456.3668,2.593,0.561,1.53,3.663,4.953,12.338,1.255,0.749,0.437,0.619,1.993,0.678,3.18,5.57,Q58,Hertfordshire and the South Midlands Area Team,3,610252
01D,Heywood Middleton Rochdale,389666.6289,413349.5695,3.903,0.844,1.874,4.396,7.212,13.942,2.302,1.058,0.42,0.822,1.858,1.043,2.677,6.841,Q46,Greater Manchester Area Team,7,222949
99K,High Weald Lewes Havens,548779.2565,121970.2817,3.196,0.72,2.021,5.061,5.392,14.777,1.594,0.818,0.307,0.795,2.745,0.698,4.554,5.854,Q68,Surrey and Sussex Area Team,8,166507
08G,Hillingdon,507891.2601,183658.6968,2.299,0.469,1.099,3.199,6.363,12.166,1.17,0.729,0.295,0.649,1.48,0.6,2.756,4.971,Q62,North West London Area Team,4,289260
09X,Horsham  Mid Sussex,525537.2244,127589.8409,2.992,0.706,1.805,4.165,5.085,14.037,1.231,0.655,0.454,0.744,2.5,0.696,4.547,6.01,Q68,Surrey and Sussex Area Team,5,227227
07Y,Hounslow,513470.8335,175625.8303,2.259,0.467,0.967,3.184,6.441,11.026,0.974,0.826,0.298,0.627,1.394,0.574,2.715,4.379,Q62,North West London Area Team,11,289930
03F,Hull,509862.2049,431054.4901,3.932,0.657,1.572,4.271,6.231,14.051,2.547,0.83,0.269,0.882,1.942,1.063,3.297,6.239,Q50,North Yorkshire and Humber Area Team,0,289768
06L,Ipswich East Suffolk,618709.078,258684.0364,3.758,0.837,1.995,4.633,5.741,14.384,1.659,0.805,0.435,0.807,2.379,0.823,3.678,6.471,Q56,East Anglia Area Team,1,387590
10L,Isle of Wight,449693.6523,86318.15374,3.975,0.872,2.384,4.389,6.432,17.123,1.837,1.075,0.57,0.913,2.738,0.867,4.581,6.842,Q70,Wessex Area Team,2,141264
08H,Islington,531124.6022,184969.2427,1.673,0.54,1.014,1.791,4.918,9.082,1.517,1.475,0.312,0.487,1.422,0.609,2.196,5.311,Q61,North East London Area Team,5,229768
11N,Kernow,198668.0949,59852.00343,3.928,0.926,2.34,5.174,5.949,14.754,2.001,0.727,0.428,0.83,2.592,0.857,3.799,6.504,Q66,Devon Cornwall and Isles of Scilly Area Team,6,555805
08J,Kingston,519292.7822,166827.8638,2.209,0.453,1.034,2.594,4.888,10.533,1.111,0.807,0.309,0.509,1.518,0.571,2.528,4.687,Q63,South London Area Team,6,193307
01J,Knowsley,344675.6053,392353.8515,4.455,0.885,1.76,4.377,6.94,14.693,3.457,0.905,0.312,0.872,2.322,1.055,3.142,5.399,Q48,Merseyside Area Team,9,160336
08K,Lambeth,530844.7526,174353.0757,1.361,0.435,0.917,1.904,5.012,9.469,0.95,1.26,0.211,0.437,1.355,0.521,1.761,4.769,Q63,South London Area Team,9,366573
01K,Lancashire North,353587.0865,459423.4018,3.997,0.802,1.878,6.298,6.268,13.391,2.242,0.863,0.404,0.709,2.282,0.864,3.278,6.59,Q47,Lancashire Area Team,10,161056
02V,Leeds North,434779.0021,441759.6679,3.271,0.725,1.713,4.008,5.87,12.939,1.438,1.034,0.433,0.755,2.174,0.735,2.801,5.825,Q52,West Yorkshire Area Team,5,199577
03G,Leeds South & East,436856.7239,430711.673,3.7,0.831,1.848,4.101,6.509,13.069,2.5,0.962,0.358,0.795,2.016,0.913,2.681,6.145,Q52,West Yorkshire Area Team,1,261527
03C,Leeds West,424283.5287,433732.8319,2.988,0.615,1.515,3.343,4.709,10.918,1.613,0.851,0.313,0.614,1.802,0.683,2.373,5.402,Q52,West Yorkshire Area Team,10,360438
04C,Leicester City,459083.5537,304820.9547,2.651,0.688,1.218,2.992,8.658,11.736,1.418,1.024,0.299,0.693,1.178,0.747,2.668,5.204,Q59,Leicestershire and Lincolnshire Area Team,2,375054
08L,Lewisham,537682.0337,173982.1211,1.759,0.495,1.12,2.047,6.057,11.263,1.235,1.269,0.245,0.488,1.38,0.604,1.878,5.674,Q63,South London Area Team,8,303388
03T,Lincolnshire East,530794.1555,372858.9164,5.153,1.034,2.585,7.453,8.337,17.486,2.455,0.758,0.368,0.924,2.716,0.967,4.064,6.509,Q59,Leicestershire and Lincolnshire Area Team,10,242572
04D,Lincolnshire West,495919.4483,376696.1523,3.965,0.76,1.923,6.02,6.339,13.944,1.998,0.879,0.457,0.691,2.382,0.846,3.257,6.225,Q59,Leicestershire and Lincolnshire Area Team,3,227262
99A,Liverpool,339154.0946,390075.3185,3.689,0.79,1.733,4.903,5.865,13.477,2.845,1.25,0.364,0.72,1.964,0.983,2.56,5.6,Q48,Merseyside Area Team,0,494754
06P,Luton,508436.9033,222904.6274,2.559,0.497,1.184,2.499,7.512,11.999,1.195,0.945,0.301,0.625,1.417,0.639,2.267,5.382,Q58,Hertfordshire and the South Midlands Area Team,4,217835
04E,Mansfield  Ashfield,451974.8133,359820.6991,4.315,0.728,1.912,5.056,6.649,15.586,2.322,0.694,0.451,0.79,2.12,0.998,3.474,6.136,Q55,Derbyshire and Nottinghamshire Area Team,4,184883
09W,Medway,577663.4341,171555.2868,2.694,0.657,1.265,3.957,6.663,13.934,1.765,0.632,0.26,0.787,1.869,0.836,3.381,5.378,Q67,Kent and Medway Area Team,4,287357
08R,Merton,525478.3138,169424.2917,2.096,0.469,1.042,2.799,5.613,10.647,1.106,0.802,0.291,0.575,1.569,0.512,2.214,4.713,Q63,South London Area Team,0,206972
06Q,Mid Essex,579987.8615,216978.5638,3.188,0.608,1.619,4.57,6.002,13.911,1.434,0.675,0.303,0.844,2.178,0.814,3.83,6.192,Q57,Essex Area Team,5,378008
04F,Milton Keynes,486829.4721,241263.1779,2.371,0.456,1.062,2.562,5.418,11.994,1.449,0.659,0.249,0.614,1.558,0.647,2.278,5.417,Q58,Hertfordshire and the South Midlands Area Team,5,266276
04G,Nene,473414.4231,264143.1722,3.129,0.718,1.642,4.249,6.09,14.115,1.717,0.806,0.431,0.718,2.159,0.776,3.16,6.463,Q58,Hertfordshire and the South Midlands Area Team,6,633800
04H,Newark  Sherwood,472339.889,359616.9564,4.011,0.809,1.931,5.376,6.362,14.716,2.055,0.611,0.42,0.762,2.543,0.989,3.514,5.972,Q55,Derbyshire and Nottinghamshire Area Team,7,128366
10M,Newbury District,444711.0029,172669.9675,2.474,0.508,1.418,3.69,4.598,12.541,1.176,0.649,0.301,0.672,2.076,0.733,2.921,6.475,Q69,Thames Valley Area Team,3,114916
13T,Newcastle Gateshead,421090.5261,563715.9188,3.659,0.733,1.964,5.864,5.968,13.913,2.336,0.961,0.457,0.851,2.016,0.85,3.333,6.067,Q49,Cumbria Northumberland Tyne and Wear Area Team,0,488419
08M,Newham,541355.6403,183016.689,1.85,0.489,0.761,2.045,7.646,10.34,0.866,1.01,0.145,0.506,0.768,0.476,1.578,4.429,Q61,North East London Area Team,9,355742
10N,North  West Reading,463778.9511,172202.8021,2.418,0.597,1.34,4.117,4.568,13.16,1.181,0.732,0.576,0.578,2.205,0.723,3.327,6.577,Q69,Thames Valley Area Team,4,99996
04J,North Derbyshire,420898.0882,375318.09,4.178,0.99,2.297,6.179,6.64,16.269,2.109,0.884,0.476,0.791,2.58,0.876,3.582,6.549,Q55,Derbyshire and Nottinghamshire Area Team,8,289376
00J,North Durham,419804.0047,546093.4062,4.493,0.837,2.12,4.754,6.517,15.402,2.385,0.815,0.475,0.746,2.193,0.788,3.54,6.318,Q45,Durham Darlington and Tees Area Team,2,249887
06T,North East Essex,605517.9367,223617.646,3.731,0.901,1.908,5.579,6.524,16.085,2.219,0.898,0.381,0.805,2.413,0.907,5.046,6.328,Q57,Essex Area Team,6,323894
99M,North East Hampshire & Farnham,483369.9477,150935.1778,2.649,0.513,1.438,3.734,5.243,12.85,1.259,0.709,0.325,0.568,1.929,0.696,3.192,5.43,Q70,Wessex Area Team,9,219209
03H,North East Lincolnshire,523439.2211,406685.0025,4.026,0.736,2.165,5.499,6.861,16.04,2.245,0.808,0.246,0.851,2.159,1.03,3.501,6.177,Q50,North Yorkshire and Humber Area Team,2,167964
10J,North Hampshire,463616.5221,150556.747,2.609,0.435,1.41,4.217,5.7,12.252,1.241,0.659,0.341,0.634,2.109,0.707,3.842,5.978,Q70,Wessex Area Team,11,215241
03J,North Kirklees,421756.3271,423080.0997,3.928,0.714,1.627,4.835,7.452,14.562,2.045,0.855,0.396,0.865,1.792,0.784,2.751,6.847,Q52,West Yorkshire Area Team,0,186832
03K,North Lincolnshire,493141.7382,411356.8224,4.566,0.748,2.01,4.781,7.196,16.906,2.044,0.725,0.257,0.809,2.206,0.979,3.335,5.914,Q50,North Yorkshire and Humber Area Team,11,169689
01M,North Manchester,386002.6031,400900.0408,3.014,0.635,1.533,3.229,6.37,11.551,2.315,1.163,0.318,0.598,1.373,0.908,2.011,5.372,Q46,Greater Manchester Area Team,4,191574
06V,North Norfolk,617407.5646,327065.4259,4.577,1.094,2.55,6.108,6.657,17.406,2.113,0.843,0.444,1.221,3.213,0.893,4.563,7.559,Q56,East Anglia Area Team,0,168372
11T,North Somerset,344857.7271,165942.8686,3.664,0.82,2.271,4.931,5.696,15.516,1.962,0.792,0.552,0.894,2.776,0.83,3.998,6.501,Q65,Bristol North Somerset Somerset and South Gloucestershire Area Team,7,211670
05G,North Staffordshire,395371.3914,351147.778,3.999,0.762,2.356,4.422,7.1,16.837,2.123,0.758,0.369,0.84,2.413,0.939,3.271,6.318,Q60,Shropshire and Staffordshire Area Team,7,202654
99C,North Tyneside,430835.2428,570544.7967,4.45,0.835,2.397,5.873,6.632,15.329,2.393,0.789,0.53,0.835,2.389,0.955,3.732,6.341,Q49,Cumbria Northumberland Tyne and Wear Area Team,9,215313
09Y,North West Surrey,502607.7937,164258.6387,2.586,0.505,1.516,4.206,5.415,12.653,1.268,0.656,0.415,0.69,2.095,0.614,3.701,4.894,Q68,Surrey and Sussex Area Team,1,351848
99P,North East West Devon,271087.1304,101186.4467,3.785,0.819,2.08,5.065,6.154,14.869,1.945,0.802,0.444,0.804,2.459,0.875,3.787,6.546,Q66,Devon Cornwall and Isles of Scilly Area Team,6,893487
00L,Northumberland,395695.0811,593753.6669,4.833,0.975,2.424,6.436,7.133,17.255,2.509,0.845,0.529,1.114,2.684,0.898,4.001,6.847,Q49,Cumbria Northumberland Tyne and Wear Area Team,4,320531
06W,Norwich,621945.5583,310520.3376,2.986,0.731,1.7,3.614,4.816,12.02,1.73,1.148,0.566,0.875,1.941,0.912,3.472,6.738,Q56,East Anglia Area Team,8,208629
04K,Nottingham City,455423.432,340697.0953,2.663,0.552,1.357,4.289,5.182,10.466,1.608,0.943,0.459,0.548,1.398,0.754,2.302,5.422,Q55,Derbyshire and Nottinghamshire Area Team,9,350947
04L,Nottingham North & East,460479.014,347505.4185,3.778,0.69,2.007,8.534,6.261,14.868,1.921,0.639,0.27,0.673,2.392,0.827,3.506,6.794,Q55,Derbyshire and Nottinghamshire Area Team,10,145878
04M,Nottingham West,449645.1879,342359.3293,3.892,0.841,2.072,6.82,6.193,15.05,2.006,0.731,0.734,0.708,2.394,0.912,3.374,6.364,Q55,Derbyshire and Nottinghamshire Area Team,11,93840
00Y,Oldham,396713.996,406154.0465,3.327,0.725,1.747,3.577,7.053,13.511,2.239,0.881,0.456,0.793,1.89,1.005,2.835,6.281,Q46,Greater Manchester Area Team,1,241360
10Q,Oxfordshire,446610.7448,207966.7572,2.551,0.571,1.634,3.924,4.77,12.017,1.253,0.762,0.542,0.597,2.294,0.686,2.715,5.813,Q69,Thames Valley Area Team,7,687117
10R,Portsmouth,465597.1439,102774.2209,2.891,0.589,1.5,3.32,5.436,11.944,1.885,0.888,0.522,0.529,1.773,0.778,2.469,6.232,Q70,Wessex Area Team,6,217545
08N,Redbridge,543910.5869,189465.8719,2.68,0.495,1.101,3.203,7.937,12.202,0.934,0.864,0.3,0.645,1.323,0.576,2.892,4.932,Q61,North East London Area Team,10,288071
05J,Redditch Bromsgrove,399867.7602,271990.2777,3.518,0.789,1.943,5.171,6.533,14.742,1.803,0.674,0.557,0.877,2.356,0.852,3.863,6.279,Q53,Arden Herefordshire and Worcestershire Area Team,11,172104
08P,Richmond,517338.9735,172799.6442,1.885,0.383,1.095,2.629,3.519,10.119,0.954,0.826,0.358,0.491,1.768,0.595,2.639,4.423,Q63,South London Area Team,5,203521
03L,Rotherham,447543.7129,390427.9019,4.314,0.799,2.071,5.1,6.548,15.8,2.69,0.875,0.404,0.894,2.122,0.969,3.155,6.499,Q51,South Yorkshire and Bassetlaw Area Team,5,256667
04N,Rushcliffe,464827.3439,334147.1537,3.523,0.769,1.961,7.04,5.251,14.069,1.371,0.632,0.471,0.626,2.593,0.711,3.3,6.078,Q55,Derbyshire and Nottinghamshire Area Team,12,119786
01G,Salford,375529.54,399282.0848,3.67,0.946,1.766,3.877,5.956,13.487,2.766,1.047,0.417,0.636,1.846,0.956,3.192,6.058,Q46,Greater Manchester Area Team,7,244048
05L,Sandwell West Birmingham,401200.3771,290630.2331,3.038,0.697,1.392,4.449,8.78,13.889,1.557,1.016,0.34,0.734,1.408,0.759,3.272,5.999,Q54,Birmingham and the Black Country Area Team,12,538869
03M,Scarborough Ryedale,489889.1547,478392.087,4.898,1.394,2.311,4.212,6.07,16.251,2.022,0.881,0.561,0.963,2.577,0.85,3.722,7.667,Q50,North Yorkshire and Humber Area Team,6,112573
03N,Sheffield,429974.0516,389834.169,3.67,0.868,2.042,4.79,6.068,13.055,1.972,0.84,0.566,0.64,1.952,0.866,3.215,6.223,Q51,South Yorkshire and Bassetlaw Area Team,7,577033
05N,Shropshire,350424.7152,304383.8341,3.763,0.771,2.289,6.014,6.048,15.673,1.712,0.729,0.486,0.869,2.675,0.922,3.34,6.605,Q60,Shropshire and Staffordshire Area Team,11,293563
10T,Slough,498180.1558,179764.9424,2.617,0.516,1.083,3.117,8.153,10.925,1.087,0.895,0.295,0.532,1.045,0.575,2.951,5.3,Q69,Thames Valley Area Team,7,146858
05P,Solihull,418655.2688,279477.3008,3.53,0.687,1.881,4.042,6.85,15.351,1.883,0.71,0.346,0.758,2.556,0.841,3.682,5.917,Q54,Birmingham and the Black Country Area Team,1,237696
11X,Somerset,334335.0982,133758.4891,3.855,0.827,2.242,5.375,6.348,16.083,1.999,0.74,0.482,0.847,2.782,0.842,3.994,6.345,Q65,Bristol North Somerset Somerset and South Gloucestershire Area Team,8,540218
01R,South Cheshire,367085.8294,353664.4171,3.751,0.769,2.098,5.236,6.241,15.629,1.766,0.819,0.338,0.826,2.53,0.842,3.148,6.027,Q44,Cheshire Warrington and Wirral Area Team,0,175769
99Q,South Devon & Torbay,280348.763,65418.07786,3.91,0.732,2.466,5.302,6.188,16.497,2.187,0.921,0.675,0.877,2.844,0.918,3.975,6.519,Q66,Devon Cornwall and Isles of Scilly Area Team,12,286188
05Q,South East Staffs & Seisdon Peninsular,402776.8233,301514.7306,3.619,0.735,1.856,4.187,6.476,14.738,1.714,0.631,0.34,0.904,2.519,0.806,3.553,6.13,Q60,Shropshire and Staffordshire Area Team,2,209776
10V,South Eastern Hampshire,473660.1961,121589.2025,3.777,0.671,1.919,3.93,6.235,15.373,1.856,0.784,0.689,0.68,2.569,0.847,3.375,6.258,Q70,Wessex Area Team,8,206867
12A,South Gloucestershire,368366.4689,182655.0329,2.991,0.615,1.731,5.082,5.363,13.996,1.436,0.535,0.561,0.696,2.405,0.754,3.389,6.64,Q65,Bristol North Somerset Somerset and South Gloucestershire Area Team,9,259347
10A,South Kent Coast,616605.8151,137463.1464,3.743,0.642,2.059,5.166,6.895,15.91,2.195,0.791,0.377,0.947,2.51,1.042,3.342,5.668,Q67,Kent and Medway Area Team,7,200366
99D,South Lincolnshire,525207.7552,320478.3006,4.118,0.884,2.031,5.492,6.895,16.88,1.968,0.596,0.566,0.804,2.782,0.738,3.962,6.253,Q59,Leicestershire and Lincolnshire Area Team,2,157915
01N,South Manchester,382808.5656,389177.2905,3.015,0.639,1.505,2.922,5.718,11.357,2.1,1.16,0.376,0.526,1.624,0.807,2.423,6.449,Q46,Greater Manchester Area Team,12,167610
06Y,South Norfolk,610828.416,298095.055,3.608,0.874,1.945,4.559,6.005,15.526,1.792,0.637,0.37,0.934,2.689,0.797,4.093,6.769,Q56,East Anglia Area Team,9,223949
10W,South Reading,470931.2332,172150.8661,1.692,0.389,0.884,3.203,4.504,10.203,0.927,0.796,0.337,0.445,1.182,0.563,2.49,4.941,Q69,Thames Valley Area Team,9,130857
01T,South Sefton,335073.1526,400225.7131,4.302,1.204,1.947,5.394,6.343,16.266,2.859,1.175,0.296,0.913,2.459,1.041,3.937,6.313,Q48,Merseyside Area Team,1,154801
00M,South Tees,461101.4633,517589.8546,4.29,0.822,2.063,4.232,6.358,14.874,2.786,0.921,0.439,0.721,2.109,1.056,4.612,6.011,Q45,Durham Darlington and Tees Area Team,5,289315
00N,South Tyneside,435669.5787,563258.3505,4.764,1.184,2.23,2.249,6.91,16.089,3.625,0.869,0.423,0.892,2.387,0.926,4.903,5.832,Q49,Cumbria Northumberland Tyne and Wear Area Team,6,151817
05R,South Warwickshire,426451.8319,256751.6519,3.096,0.694,1.842,5.186,5.253,14.603,1.502,0.702,0.462,0.69,2.4,0.74,3.28,6.061,Q53,Arden Herefordshire and Worcestershire Area Team,3,273683
04Q,South West Lincolnshire,502184.2378,340357.1929,4.367,1.007,2.05,6.126,6.728,16.625,1.817,0.62,0.591,0.862,2.655,0.82,3.423,6.161,Q59,Leicestershire and Lincolnshire Area Team,0,129153
05T,South Worcestershire,387210.9371,252829.3343,3.318,0.753,1.864,5.206,6.641,14.757,1.67,0.72,0.472,0.841,2.615,0.791,3.9,5.763,Q53,Arden Herefordshire and Worcestershire Area Team,4,294632
10X,Southampton,442338.6503,113551.9236,2.561,0.61,1.48,3.733,5.363,10.831,2.014,1.062,0.344,0.591,1.536,0.757,2.382,5.985,Q70,Wessex Area Team,10,262647
99G,Southend,587987.9037,186677.7637,3.332,0.847,1.693,3.816,6.2,15.269,1.929,1.106,0.263,0.809,1.987,0.858,4.138,5.965,Q57,Essex Area Team,5,184499
04R,Southern Derbyshire,428979.7105,339425.4255,3.447,0.845,1.78,4.644,6.734,14.043,1.792,0.758,0.459,0.794,1.986,0.826,3.034,6.175,Q55,Derbyshire and Nottinghamshire Area Team,1,534116
01V,Southport & Formby,332166.91,412239.4596,4.282,0.961,2.32,4.983,6.394,16.422,2.025,1.018,0.295,0.767,2.919,0.909,3.605,6.287,Q48,Merseyside Area Team,2,122147
08Q,Southwark,533809.2614,176643.6929,1.494,0.455,0.914,2.01,5.483,10.72,1.425,1.197,0.36,0.526,1.266,0.539,1.775,4.355,Q63,South London Area Team,12,308468
01X,St Helens,352070.575,396086.433,4.614,1.123,1.98,4.733,6.96,17.101,3.069,0.993,0.337,0.841,2.38,0.956,3.583,7.406,Q48,Merseyside Area Team,4,192715
05V,Stafford Surrounds,388304.0017,324488.9128,3.737,0.732,2.042,4.103,6.23,15.379,1.4,0.631,0.335,0.911,2.755,0.907,3.848,5.694,Q60,Shropshire and Staffordshire Area Team,5,144992
01W,Stockport,391555.6782,388570.2449,3.931,0.887,1.999,3.44,5.854,14.297,2.192,0.787,0.469,0.587,2.285,0.826,3.337,6.49,Q46,Greater Manchester Area Team,3,299896
05W,Stoke on Trent,390685.3616,347506.4345,3.915,0.773,2.053,3.883,7.34,16.637,2.411,0.846,0.41,0.798,2.123,1.086,3.043,6.308,Q60,Shropshire and Staffordshire Area Team,6,272842
00P,Sunderland,435228.5544,554080.3983,4.96,0.985,2.175,3.918,6.461,16.623,3.227,0.819,0.395,0.868,2.262,0.998,4.613,5.986,Q49,Cumbria Northumberland Tyne and Wear Area Team,7,281773
99H,Surrey Downs,517936.1117,151927.5112,2.919,0.504,1.676,3.938,4.787,13.672,1.16,0.696,0.34,0.683,2.42,0.676,3.229,5.264,Q68,Surrey and Sussex Area Team,4,293988
10C,Surrey Heath,490075.0657,158835.2828,2.845,0.451,1.531,4.319,5.278,13.191,1.173,0.549,0.367,0.588,2.259,0.637,3.365,5.788,Q68,Surrey and Sussex Area Team,8,91757
08T,Sutton,526983.16,164134.7243,2.57,0.514,1.268,3.586,5.82,12.24,1.344,0.863,0.266,0.617,1.895,0.724,2.427,5.533,Q63,South London Area Team,1,183982
10D,Swale,592700.7681,166748.5016,2.991,0.712,1.425,4.341,7.137,14.736,2.029,0.65,0.29,0.88,2.041,0.86,3.486,5.392,Q67,Kent and Medway Area Team,9,104998
12D,Swindon,418654.0135,186324.7598,2.776,0.537,1.465,2.405,6.518,13.499,1.638,0.73,0.338,0.667,1.83,0.779,2.311,6.386,Q64,Bath Gloucestershire Swindon and Wiltshire Area Team,10,223866
01Y,Tameside Glossop,401558.8828,397504.9194,4.148,0.768,1.976,3.185,7.092,14.916,2.629,0.773,0.451,0.741,2.024,0.954,4.061,6.626,Q46,Greater Manchester Area Team,5,239314
05X,Telford Wrekin,367083.6008,314837.0369,3.105,0.686,1.619,4.477,6.509,13.691,1.984,0.759,0.261,0.764,1.901,0.946,2.775,6.14,Q60,Shropshire and Staffordshire Area Team,7,173754
10E,Thanet,632501.488,166997.6233,3.743,0.787,2.026,5.436,7.211,16.284,2.726,1.013,0.445,1.021,2.466,0.888,3.382,5.872,Q67,Kent and Medway Area Team,10,138943
07G,Thurrock,564390.9993,181586.8836,2.709,0.664,1.487,4.666,6.177,14.129,1.8,0.674,0.249,0.878,1.664,0.735,3.986,5.507,Q57,Essex Area Team,10,164518
08V,Tower Hamlets,536431.5218,181643.2449,1.715,0.4,0.757,1.984,6.65,7.92,1.275,1.293,0.26,0.422,0.878,0.456,1.873,4.526,Q61,North East London Area Team,2,274137
02A,Trafford,376489.1107,391415.7668,3.56,0.826,1.804,4.146,5.964,13.499,1.822,0.841,0.388,0.752,2.138,0.754,3.443,6.638,Q46,Greater Manchester Area Team,6,233350
03Q,Vale of York,463550.7656,460478.184,3.492,0.615,1.901,3.909,5.235,13.178,1.614,0.705,0.493,0.684,2.413,0.665,3.416,5.831,Q50,North Yorkshire and Humber Area Team,10,341912
02D,Vale Royal,364878.6335,372378.7998,3.665,0.786,1.843,5.267,6.382,15.388,2.224,0.745,0.343,0.89,2.402,0.823,3.159,6.514,Q44,Cheshire Warrington and Wirral Area Team,7,102296
03R,Wakefield,438981.7581,418395.2687,4.302,0.743,2.097,4.267,6.656,15.256,2.812,0.806,0.325,0.809,2.144,0.914,3.345,6.84,Q52,West Yorkshire Area Team,0,356545
05Y,Walsall,402385.4874,300176.2644,4.052,0.962,1.783,5.077,8.66,15.677,2.402,0.849,0.416,1.034,1.906,0.891,3.205,6.389,Q54,Birmingham and the Black Country Area Team,8,271754
08W,Waltham Forest,537753.6322,190236.4819,1.986,0.492,0.911,2.752,6.414,11.022,0.98,1.076,0.217,0.555,1.174,0.554,2.041,4.7,Q61,North East London Area Team,3,294197
08X,Wandsworth,526114.5241,174049.7785,1.447,0.298,0.796,1.64,4.196,8.342,0.894,0.932,0.394,0.413,1.307,0.475,1.973,4.118,Q63,South London Area Team,4,358895
02E,Warrington,362670.9289,389309.8632,3.741,0.71,1.714,4.207,6.161,13.579,1.813,0.819,0.269,0.746,2.125,0.805,2.609,6.101,Q44,Cheshire Warrington and Wirral Area Team,8,209464
05H,Warwickshire North,427561.9657,293347.5459,3.279,0.765,1.728,5.613,7.01,15.712,1.911,0.629,0.331,0.829,2.036,0.879,4.359,5.918,Q53,Arden Herefordshire and Worcestershire Area Team,10,184420
02F,West Cheshire,346148.8824,364953.1793,3.561,0.79,2.009,3.693,6.014,14.271,1.763,0.828,0.493,0.864,2.464,0.763,3.112,6.212,Q44,Cheshire Warrington and Wirral Area Team,9,255311
07H,West Essex,553714.5535,219580.0142,3.011,0.79,1.568,3.424,5.928,14.036,1.645,0.687,0.268,0.872,2.19,0.692,3.227,5.82,Q57,Essex Area Team,11,293681
11A,West Hampshire,438979.5191,123324.8783,3.367,0.671,2.05,4.24,5.251,14.451,1.532,0.69,0.429,0.749,2.513,0.732,3.252,6.146,Q70,Wessex Area Team,12,531775
99J,West Kent,567849.9086,148606.3248,2.831,0.586,1.801,4.466,5.511,13.536,1.494,0.713,0.385,0.794,2.331,0.761,4.095,5.581,Q67,Kent and Medway Area Team,7,463883
02G,West Lancashire,342534.3067,411708.8313,3.887,0.917,1.967,4.118,6.372,15.435,2.139,0.723,0.389,0.84,2.379,0.81,3.512,6.361,Q47,Lancashire Area Team,10,111531
04V,West Leicestershire,445703.4104,310523.0683,3.153,0.889,1.657,4.343,6.498,14.375,1.69,0.697,0.367,0.698,2.174,0.745,3.177,6.077,Q59,Leicestershire and Lincolnshire Area Team,4,371009
08Y,West London (K&C & QPP),525528.6768,180064.361,1.873,0.429,1.07,1.89,4.566,9.352,1.204,1.458,0.218,0.419,1.54,0.472,1.965,3.668,Q62,North West London Area Team,5,228063
07J,West Norfolk,571560.5471,313464.3483,4.57,0.885,2.48,5.319,7.747,17.964,2.501,0.661,0.337,1.108,2.739,0.806,4.368,6.683,Q56,East Anglia Area Team,5,159928
07K,West Suffolk,581054.3913,262263.6776,3.409,0.807,1.75,3.386,6.017,14.7,1.942,0.78,0.281,0.835,2.713,0.723,4.157,6.724,Q56,East Anglia Area Team,0,238703
02H,Wigan Borough,361023.2668,403215.1587,4.345,0.914,1.885,5.709,6.948,15.941,2.256,0.741,0.271,0.8,1.998,0.88,4.115,6.568,Q46,Greater Manchester Area Team,11,320477
99N,Wiltshire,403953.1788,155341.0005,3.295,0.75,2.008,3.355,5.645,14.816,1.618,0.739,0.377,0.811,2.662,0.815,3.376,6.218,Q64,Bath Gloucestershire Swindon and Wiltshire Area Team,10,474438
11C,Windsor Ascot & Maidenhead,490502.0122,177713.4265,2.574,0.536,1.514,3.475,5.055,11.121,1.006,0.678,0.238,0.522,1.899,0.578,3.107,5.214,Q69,Thames Valley Area Team,0,147873
12F,Wirral,328908.7867,385681.9149,3.861,0.765,2.131,5.069,6.491,14.697,2.3,0.913,0.371,0.692,2.263,0.952,3.659,6.341,Q44,Cheshire Warrington and Wirral Area Team,11,317446
11D,Wokingham,477708.9439,170615.8658,2.475,0.464,1.375,3.837,4.499,12.133,0.97,0.488,0.297,0.631,2.275,0.633,3.529,6.296,Q69,Thames Valley Area Team,1,152750
06A,Wolverhampton,391902.644,299047.7777,3.599,0.963,1.792,4.97,7.912,15.324,1.81,0.972,0.609,1.024,1.98,0.994,3.438,6.102,Q54,Birmingham and the Black Country Area Team,9,258801
06D,Wyre Forest,381374.2042,275763.5313,3.852,1.023,2.577,6.095,7.304,17.309,1.949,0.696,0.515,0.991,2.937,0.969,4.322,6.728,Q53,Arden Herefordshire and Worcestershire Area Team,10,112292